followers,likes,comments,hour,caption_length,hashtags,category,engagement
20000,1232,79,1200,23,3,0,6.555
20000,2000,79,1200,24,2,0,10.395
1000,100,30,400,18,4,1,13.0
300,20,10,1800,22,2,2,10.0
150000,1432,100,2100,34,3,1,1.0213333333333332
11000,200,50,1200,22,4,2,2.272727272727273
6000,500,60,1600,5,2,1,9.333333333333334
4000,200,42,2350,2,2,2,6.05

